{
    "total_runtime": 5231.57163310051,
    "num_documents": 10,
    "input_load_time": 0,
    "workflows": {
        "create_base_text_units": {
            "overall": 14.026609897613525,
            "0_orderby": 0.018896102905273438,
            "1_zip": 0.021582603454589844,
            "2_aggregate_override": 0.036444664001464844,
            "3_chunk": 13.080460786819458,
            "4_select": 0.0209348201751709,
            "5_unroll": 0.02830815315246582,
            "6_rename": 0.011019229888916016,
            "7_genid": 0.4491760730743408,
            "8_unzip": 0.02385425567626953,
            "9_copy": 0.019787311553955078,
            "10_filter": 0.30381083488464355
        },
        "create_base_extracted_entities": {
            "overall": 5216.140999555588,
            "0_entity_extract": 5210.603679895401,
            "1_merge_graphs": 5.522278547286987
        }
    }
}